{
	"info": {
		"_postman_id": "a270bb12-59ff-4a2e-88c3-78d13f4c4de2",
		"name": "oauth2",
		"schema": "https://schema.getpostman.com/json/collection/v2.1.0/collection.json"
	},
	"item": [
		{
			"name": "authorization-server",
			"item": [
				{
					"name": "get-token-kelly",
					"request": {
						"auth": {
							"type": "basic",
							"basic": [
								{
									"key": "password",
									"value": "appclient@123",
									"type": "string"
								},
								{
									"key": "username",
									"value": "appclient",
									"type": "string"
								}
							]
						},
						"method": "POST",
						"header": [],
						"body": {
							"mode": "urlencoded",
							"urlencoded": [
								{
									"key": "password",
									"value": "kelly@123",
									"type": "text"
								},
								{
									"key": "username",
									"value": "kelly",
									"type": "text"
								},
								{
									"key": "grant_type",
									"value": "password",
									"type": "text"
								}
							]
						},
						"url": {
							"raw": "http://localhost:8080/oauth/token",
							"protocol": "http",
							"host": [
								"localhost"
							],
							"port": "8080",
							"path": [
								"oauth",
								"token"
							]
						}
					},
					"response": []
				},
				{
					"name": "check-token-kelly",
					"request": {
						"auth": {
							"type": "noauth"
						},
						"method": "POST",
						"header": [
							{
								"key": "Content-Type",
								"name": "Content-Type",
								"type": "text",
								"value": "application/x-www-form-urlencoded"
							}
						],
						"body": {
							"mode": "urlencoded",
							"urlencoded": [
								{
									"key": "token",
									"value": "56a7164f-d596-4170-a4b5-2723a85dae53",
									"type": "text"
								}
							]
						},
						"url": {
							"raw": "http://localhost:8080/oauth/check_token",
							"protocol": "http",
							"host": [
								"localhost"
							],
							"port": "8080",
							"path": [
								"oauth",
								"check_token"
							]
						}
					},
					"response": []
				},
				{
					"name": "refresh-token-kelly",
					"request": {
						"auth": {
							"type": "basic",
							"basic": [
								{
									"key": "password",
									"value": "appclient@123",
									"type": "string"
								},
								{
									"key": "username",
									"value": "appclient",
									"type": "string"
								}
							]
						},
						"method": "POST",
						"header": [],
						"body": {
							"mode": "urlencoded",
							"urlencoded": [
								{
									"key": "grant_type",
									"value": "refresh_token",
									"type": "text"
								},
								{
									"key": "refresh_token",
									"value": "1bf0cc85-49f5-43ff-af1a-e6b72f3a1db9",
									"type": "text"
								}
							]
						},
						"url": {
							"raw": "http://localhost:8080/oauth/token",
							"protocol": "http",
							"host": [
								"localhost"
							],
							"port": "8080",
							"path": [
								"oauth",
								"token"
							]
						}
					},
					"response": []
				},
				{
					"name": "get-token-john",
					"request": {
						"auth": {
							"type": "basic",
							"basic": [
								{
									"key": "password",
									"value": "appclient@123",
									"type": "string"
								},
								{
									"key": "username",
									"value": "appclient",
									"type": "string"
								}
							]
						},
						"method": "POST",
						"header": [],
						"body": {
							"mode": "urlencoded",
							"urlencoded": [
								{
									"key": "password",
									"value": "john@123",
									"type": "text"
								},
								{
									"key": "username",
									"value": "john",
									"type": "text"
								},
								{
									"key": "grant_type",
									"value": "password",
									"type": "text"
								}
							]
						},
						"url": {
							"raw": "http://localhost:8080/oauth/token",
							"protocol": "http",
							"host": [
								"localhost"
							],
							"port": "8080",
							"path": [
								"oauth",
								"token"
							]
						}
					},
					"response": []
				},
				{
					"name": "check-token-john",
					"request": {
						"auth": {
							"type": "noauth"
						},
						"method": "POST",
						"header": [
							{
								"key": "Content-Type",
								"name": "Content-Type",
								"type": "text",
								"value": "application/x-www-form-urlencoded"
							}
						],
						"body": {
							"mode": "urlencoded",
							"urlencoded": [
								{
									"key": "token",
									"value": "8a2991c8-e752-4bf0-93e6-51345ecea035",
									"type": "text"
								}
							]
						},
						"url": {
							"raw": "http://localhost:8080/oauth/check_token",
							"protocol": "http",
							"host": [
								"localhost"
							],
							"port": "8080",
							"path": [
								"oauth",
								"check_token"
							]
						}
					},
					"response": []
				},
				{
					"name": "refresh-token-john",
					"request": {
						"auth": {
							"type": "basic",
							"basic": [
								{
									"key": "password",
									"value": "appclient@123",
									"type": "string"
								},
								{
									"key": "username",
									"value": "appclient",
									"type": "string"
								}
							]
						},
						"method": "POST",
						"header": [],
						"body": {
							"mode": "urlencoded",
							"urlencoded": [
								{
									"key": "grant_type",
									"value": "refresh_token",
									"type": "text"
								},
								{
									"key": "refresh_token",
									"value": "8a2991c8-e752-4bf0-93e6-51345ecea035",
									"type": "text"
								}
							]
						},
						"url": {
							"raw": "http://localhost:8080/oauth/token",
							"protocol": "http",
							"host": [
								"localhost"
							],
							"port": "8080",
							"path": [
								"oauth",
								"token"
							]
						}
					},
					"response": []
				}
			],
			"protocolProfileBehavior": {}
		},
		{
			"name": "car-inventory-service",
			"item": [
				{
					"name": "viewCars-kelly",
					"request": {
						"auth": {
							"type": "bearer",
							"bearer": [
								{
									"key": "token",
									"value": "fc0f7b54-75d9-4bab-8b4c-c22e5d790352",
									"type": "string"
								}
							]
						},
						"method": "GET",
						"header": [],
						"url": {
							"raw": "http://localhost:9090/viewCars",
							"protocol": "http",
							"host": [
								"localhost"
							],
							"port": "9090",
							"path": [
								"viewCars"
							]
						}
					},
					"response": []
				},
				{
					"name": "addCars-kelly",
					"request": {
						"auth": {
							"type": "bearer",
							"bearer": [
								{
									"key": "token",
									"value": "fc0f7b54-75d9-4bab-8b4c-c22e5d790352",
									"type": "string"
								}
							]
						},
						"method": "POST",
						"header": [
							{
								"key": "Content-Type",
								"name": "Content-Type",
								"value": "application/json",
								"type": "text"
							}
						],
						"body": {
							"mode": "raw",
							"raw": "{\"car\":\"civic\"}"
						},
						"url": {
							"raw": "http://localhost:9090/addCars",
							"protocol": "http",
							"host": [
								"localhost"
							],
							"port": "9090",
							"path": [
								"addCars"
							]
						}
					},
					"response": []
				},
				{
					"name": "viewCars-john",
					"request": {
						"auth": {
							"type": "bearer",
							"bearer": [
								{
									"key": "token",
									"value": "8a2991c8-e752-4bf0-93e6-51345ecea035",
									"type": "string"
								}
							]
						},
						"method": "GET",
						"header": [],
						"url": {
							"raw": "http://localhost:9090/viewCars",
							"protocol": "http",
							"host": [
								"localhost"
							],
							"port": "9090",
							"path": [
								"viewCars"
							]
						}
					},
					"response": []
				},
				{
					"name": "addCars-john",
					"request": {
						"auth": {
							"type": "bearer",
							"bearer": [
								{
									"key": "token",
									"value": "8a2991c8-e752-4bf0-93e6-51345ecea035",
									"type": "string"
								}
							]
						},
						"method": "POST",
						"header": [
							{
								"key": "Content-Type",
								"name": "Content-Type",
								"value": "application/json",
								"type": "text"
							}
						],
						"body": {
							"mode": "raw",
							"raw": "{\"car\":\"civic\"}"
						},
						"url": {
							"raw": "http://localhost:9090/addCars",
							"protocol": "http",
							"host": [
								"localhost"
							],
							"port": "9090",
							"path": [
								"addCars"
							]
						}
					},
					"response": []
				}
			],
			"protocolProfileBehavior": {}
		}
	],
	"event": [
		{
			"listen": "prerequest",
			"script": {
				"id": "3c97ae18-c11f-4ee8-8477-6c6ff0bc475d",
				"type": "text/javascript",
				"exec": [
					""
				]
			}
		},
		{
			"listen": "test",
			"script": {
				"id": "56d627b5-5924-4a5b-b4d3-51cd3d75e452",
				"type": "text/javascript",
				"exec": [
					""
				]
			}
		}
	],
	"protocolProfileBehavior": {}
}